crop_number,collection,alignment,crop_url,em_url
234,jrc_cos7-1a,recon-1,s3://janelia-cosem-datasets/jrc_cos7-1a/jrc_cos7-1a.zarr/recon-1/labels/groundtruth/crop234,s3://janelia-cosem-datasets/jrc_cos7-1a/jrc_cos7-1a.zarr/recon-1/em/fibsem-uint8
236,jrc_cos7-1a,recon-1,s3://janelia-cosem-datasets/jrc_cos7-1a/jrc_cos7-1a.zarr/recon-1/labels/groundtruth/crop236,s3://janelia-cosem-datasets/jrc_cos7-1a/jrc_cos7-1a.zarr/recon-1/em/fibsem-uint8
237,jrc_cos7-1a,recon-1,s3://janelia-cosem-datasets/jrc_cos7-1a/jrc_cos7-1a.zarr/recon-1/labels/groundtruth/crop237,s3://janelia-cosem-datasets/jrc_cos7-1a/jrc_cos7-1a.zarr/recon-1/em/fibsem-uint8
239,jrc_cos7-1a,recon-1,s3://janelia-cosem-datasets/jrc_cos7-1a/jrc_cos7-1a.zarr/recon-1/labels/groundtruth/crop239,s3://janelia-cosem-datasets/jrc_cos7-1a/jrc_cos7-1a.zarr/recon-1/em/fibsem-uint8
243,jrc_cos7-1a,recon-1,s3://janelia-cosem-datasets/jrc_cos7-1a/jrc_cos7-1a.zarr/recon-1/labels/groundtruth/crop243,s3://janelia-cosem-datasets/jrc_cos7-1a/jrc_cos7-1a.zarr/recon-1/em/fibsem-uint8
247,jrc_cos7-1a,recon-1,s3://janelia-cosem-datasets/jrc_cos7-1a/jrc_cos7-1a.zarr/recon-1/labels/groundtruth/crop247,s3://janelia-cosem-datasets/jrc_cos7-1a/jrc_cos7-1a.zarr/recon-1/em/fibsem-uint8
248,jrc_cos7-1a,recon-1,s3://janelia-cosem-datasets/jrc_cos7-1a/jrc_cos7-1a.zarr/recon-1/labels/groundtruth/crop248,s3://janelia-cosem-datasets/jrc_cos7-1a/jrc_cos7-1a.zarr/recon-1/em/fibsem-uint8
252,jrc_cos7-1a,recon-1,s3://janelia-cosem-datasets/jrc_cos7-1a/jrc_cos7-1a.zarr/recon-1/labels/groundtruth/crop252,s3://janelia-cosem-datasets/jrc_cos7-1a/jrc_cos7-1a.zarr/recon-1/em/fibsem-uint8
254,jrc_cos7-1a,recon-1,s3://janelia-cosem-datasets/jrc_cos7-1a/jrc_cos7-1a.zarr/recon-1/labels/groundtruth/crop254,s3://janelia-cosem-datasets/jrc_cos7-1a/jrc_cos7-1a.zarr/recon-1/em/fibsem-uint8
256,jrc_cos7-1a,recon-1,s3://janelia-cosem-datasets/jrc_cos7-1a/jrc_cos7-1a.zarr/recon-1/labels/groundtruth/crop256,s3://janelia-cosem-datasets/jrc_cos7-1a/jrc_cos7-1a.zarr/recon-1/em/fibsem-uint8
257,jrc_cos7-1a,recon-1,s3://janelia-cosem-datasets/jrc_cos7-1a/jrc_cos7-1a.zarr/recon-1/labels/groundtruth/crop257,s3://janelia-cosem-datasets/jrc_cos7-1a/jrc_cos7-1a.zarr/recon-1/em/fibsem-uint8
292,jrc_cos7-1a,recon-1,s3://janelia-cosem-datasets/jrc_cos7-1a/jrc_cos7-1a.zarr/recon-1/labels/groundtruth/crop292,s3://janelia-cosem-datasets/jrc_cos7-1a/jrc_cos7-1a.zarr/recon-1/em/fibsem-uint8
235,jrc_cos7-1b,recon-1,s3://janelia-cosem-datasets/jrc_cos7-1b/jrc_cos7-1b.zarr/recon-1/labels/groundtruth/crop235,s3://janelia-cosem-datasets/jrc_cos7-1b/jrc_cos7-1b.zarr/recon-1/em/fibsem-uint8
238,jrc_cos7-1b,recon-1,s3://janelia-cosem-datasets/jrc_cos7-1b/jrc_cos7-1b.zarr/recon-1/labels/groundtruth/crop238,s3://janelia-cosem-datasets/jrc_cos7-1b/jrc_cos7-1b.zarr/recon-1/em/fibsem-uint8
240,jrc_cos7-1b,recon-1,s3://janelia-cosem-datasets/jrc_cos7-1b/jrc_cos7-1b.zarr/recon-1/labels/groundtruth/crop240,s3://janelia-cosem-datasets/jrc_cos7-1b/jrc_cos7-1b.zarr/recon-1/em/fibsem-uint8
241,jrc_cos7-1b,recon-1,s3://janelia-cosem-datasets/jrc_cos7-1b/jrc_cos7-1b.zarr/recon-1/labels/groundtruth/crop241,s3://janelia-cosem-datasets/jrc_cos7-1b/jrc_cos7-1b.zarr/recon-1/em/fibsem-uint8
242,jrc_cos7-1b,recon-1,s3://janelia-cosem-datasets/jrc_cos7-1b/jrc_cos7-1b.zarr/recon-1/labels/groundtruth/crop242,s3://janelia-cosem-datasets/jrc_cos7-1b/jrc_cos7-1b.zarr/recon-1/em/fibsem-uint8
245,jrc_cos7-1b,recon-1,s3://janelia-cosem-datasets/jrc_cos7-1b/jrc_cos7-1b.zarr/recon-1/labels/groundtruth/crop245,s3://janelia-cosem-datasets/jrc_cos7-1b/jrc_cos7-1b.zarr/recon-1/em/fibsem-uint8
249,jrc_cos7-1b,recon-1,s3://janelia-cosem-datasets/jrc_cos7-1b/jrc_cos7-1b.zarr/recon-1/labels/groundtruth/crop249,s3://janelia-cosem-datasets/jrc_cos7-1b/jrc_cos7-1b.zarr/recon-1/em/fibsem-uint8
255,jrc_cos7-1b,recon-1,s3://janelia-cosem-datasets/jrc_cos7-1b/jrc_cos7-1b.zarr/recon-1/labels/groundtruth/crop255,s3://janelia-cosem-datasets/jrc_cos7-1b/jrc_cos7-1b.zarr/recon-1/em/fibsem-uint8
258,jrc_cos7-1b,recon-1,s3://janelia-cosem-datasets/jrc_cos7-1b/jrc_cos7-1b.zarr/recon-1/labels/groundtruth/crop258,s3://janelia-cosem-datasets/jrc_cos7-1b/jrc_cos7-1b.zarr/recon-1/em/fibsem-uint8
259,jrc_cos7-1b,recon-1,s3://janelia-cosem-datasets/jrc_cos7-1b/jrc_cos7-1b.zarr/recon-1/labels/groundtruth/crop259,s3://janelia-cosem-datasets/jrc_cos7-1b/jrc_cos7-1b.zarr/recon-1/em/fibsem-uint8
291,jrc_cos7-1b,recon-1,s3://janelia-cosem-datasets/jrc_cos7-1b/jrc_cos7-1b.zarr/recon-1/labels/groundtruth/crop291,s3://janelia-cosem-datasets/jrc_cos7-1b/jrc_cos7-1b.zarr/recon-1/em/fibsem-uint8
116,jrc_ctl-id8-1,recon-1,s3://janelia-cosem-datasets/jrc_ctl-id8-1/jrc_ctl-id8-1.zarr/recon-1/labels/groundtruth/crop116,s3://janelia-cosem-datasets/jrc_ctl-id8-1/jrc_ctl-id8-1.zarr/recon-1/em/fibsem-uint8
117,jrc_ctl-id8-1,recon-1,s3://janelia-cosem-datasets/jrc_ctl-id8-1/jrc_ctl-id8-1.zarr/recon-1/labels/groundtruth/crop117,s3://janelia-cosem-datasets/jrc_ctl-id8-1/jrc_ctl-id8-1.zarr/recon-1/em/fibsem-uint8
118,jrc_ctl-id8-1,recon-1,s3://janelia-cosem-datasets/jrc_ctl-id8-1/jrc_ctl-id8-1.zarr/recon-1/labels/groundtruth/crop118,s3://janelia-cosem-datasets/jrc_ctl-id8-1/jrc_ctl-id8-1.zarr/recon-1/em/fibsem-uint8
119,jrc_ctl-id8-1,recon-1,s3://janelia-cosem-datasets/jrc_ctl-id8-1/jrc_ctl-id8-1.zarr/recon-1/labels/groundtruth/crop119,s3://janelia-cosem-datasets/jrc_ctl-id8-1/jrc_ctl-id8-1.zarr/recon-1/em/fibsem-uint8
130,jrc_ctl-id8-1,recon-1,s3://janelia-cosem-datasets/jrc_ctl-id8-1/jrc_ctl-id8-1.zarr/recon-1/labels/groundtruth/crop130,s3://janelia-cosem-datasets/jrc_ctl-id8-1/jrc_ctl-id8-1.zarr/recon-1/em/fibsem-uint8
120,jrc_fly-mb-1a,recon-1,s3://janelia-cosem-datasets/jrc_fly-mb-1a/jrc_fly-mb-1a.zarr/recon-1/labels/groundtruth/crop120,s3://janelia-cosem-datasets/jrc_fly-mb-1a/jrc_fly-mb-1a.zarr/recon-1/em/fibsem-uint8
121,jrc_fly-mb-1a,recon-1,s3://janelia-cosem-datasets/jrc_fly-mb-1a/jrc_fly-mb-1a.zarr/recon-1/labels/groundtruth/crop121,s3://janelia-cosem-datasets/jrc_fly-mb-1a/jrc_fly-mb-1a.zarr/recon-1/em/fibsem-uint8
122,jrc_fly-mb-1a,recon-1,s3://janelia-cosem-datasets/jrc_fly-mb-1a/jrc_fly-mb-1a.zarr/recon-1/labels/groundtruth/crop122,s3://janelia-cosem-datasets/jrc_fly-mb-1a/jrc_fly-mb-1a.zarr/recon-1/em/fibsem-uint8
123,jrc_fly-mb-1a,recon-1,s3://janelia-cosem-datasets/jrc_fly-mb-1a/jrc_fly-mb-1a.zarr/recon-1/labels/groundtruth/crop123,s3://janelia-cosem-datasets/jrc_fly-mb-1a/jrc_fly-mb-1a.zarr/recon-1/em/fibsem-uint8
134,jrc_fly-mb-1a,recon-1,s3://janelia-cosem-datasets/jrc_fly-mb-1a/jrc_fly-mb-1a.zarr/recon-1/labels/groundtruth/crop134,s3://janelia-cosem-datasets/jrc_fly-mb-1a/jrc_fly-mb-1a.zarr/recon-1/em/fibsem-uint8
178,jrc_fly-mb-1a,recon-1,s3://janelia-cosem-datasets/jrc_fly-mb-1a/jrc_fly-mb-1a.zarr/recon-1/labels/groundtruth/crop178,s3://janelia-cosem-datasets/jrc_fly-mb-1a/jrc_fly-mb-1a.zarr/recon-1/em/fibsem-uint8
78,jrc_fly-vnc-1,recon-1,s3://janelia-cosem-datasets/jrc_fly-vnc-1/jrc_fly-vnc-1.zarr/recon-1/labels/groundtruth/crop78,s3://janelia-cosem-datasets/jrc_fly-vnc-1/jrc_fly-vnc-1.zarr/recon-1/em/fibsem-uint8
79,jrc_fly-vnc-1,recon-1,s3://janelia-cosem-datasets/jrc_fly-vnc-1/jrc_fly-vnc-1.zarr/recon-1/labels/groundtruth/crop79,s3://janelia-cosem-datasets/jrc_fly-vnc-1/jrc_fly-vnc-1.zarr/recon-1/em/fibsem-uint8
173,jrc_fly-vnc-1,recon-1,s3://janelia-cosem-datasets/jrc_fly-vnc-1/jrc_fly-vnc-1.zarr/recon-1/labels/groundtruth/crop173,s3://janelia-cosem-datasets/jrc_fly-vnc-1/jrc_fly-vnc-1.zarr/recon-1/em/fibsem-uint8
174,jrc_fly-vnc-1,recon-1,s3://janelia-cosem-datasets/jrc_fly-vnc-1/jrc_fly-vnc-1.zarr/recon-1/labels/groundtruth/crop174,s3://janelia-cosem-datasets/jrc_fly-vnc-1/jrc_fly-vnc-1.zarr/recon-1/em/fibsem-uint8
176,jrc_fly-vnc-1,recon-1,s3://janelia-cosem-datasets/jrc_fly-vnc-1/jrc_fly-vnc-1.zarr/recon-1/labels/groundtruth/crop176,s3://janelia-cosem-datasets/jrc_fly-vnc-1/jrc_fly-vnc-1.zarr/recon-1/em/fibsem-uint8
185,jrc_fly-vnc-1,recon-1,s3://janelia-cosem-datasets/jrc_fly-vnc-1/jrc_fly-vnc-1.zarr/recon-1/labels/groundtruth/crop185,s3://janelia-cosem-datasets/jrc_fly-vnc-1/jrc_fly-vnc-1.zarr/recon-1/em/fibsem-uint8
1,jrc_hela-2,recon-1,s3://janelia-cosem-datasets/jrc_hela-2/jrc_hela-2.zarr/recon-1/labels/groundtruth/crop1,s3://janelia-cosem-datasets/jrc_hela-2/jrc_hela-2.zarr/recon-1/em/fibsem-uint8
3,jrc_hela-2,recon-1,s3://janelia-cosem-datasets/jrc_hela-2/jrc_hela-2.zarr/recon-1/labels/groundtruth/crop3,s3://janelia-cosem-datasets/jrc_hela-2/jrc_hela-2.zarr/recon-1/em/fibsem-uint8
4,jrc_hela-2,recon-1,s3://janelia-cosem-datasets/jrc_hela-2/jrc_hela-2.zarr/recon-1/labels/groundtruth/crop4,s3://janelia-cosem-datasets/jrc_hela-2/jrc_hela-2.zarr/recon-1/em/fibsem-uint8
6,jrc_hela-2,recon-1,s3://janelia-cosem-datasets/jrc_hela-2/jrc_hela-2.zarr/recon-1/labels/groundtruth/crop6,s3://janelia-cosem-datasets/jrc_hela-2/jrc_hela-2.zarr/recon-1/em/fibsem-uint8
7,jrc_hela-2,recon-1,s3://janelia-cosem-datasets/jrc_hela-2/jrc_hela-2.zarr/recon-1/labels/groundtruth/crop7,s3://janelia-cosem-datasets/jrc_hela-2/jrc_hela-2.zarr/recon-1/em/fibsem-uint8
8,jrc_hela-2,recon-1,s3://janelia-cosem-datasets/jrc_hela-2/jrc_hela-2.zarr/recon-1/labels/groundtruth/crop8,s3://janelia-cosem-datasets/jrc_hela-2/jrc_hela-2.zarr/recon-1/em/fibsem-uint8
9,jrc_hela-2,recon-1,s3://janelia-cosem-datasets/jrc_hela-2/jrc_hela-2.zarr/recon-1/labels/groundtruth/crop9,s3://janelia-cosem-datasets/jrc_hela-2/jrc_hela-2.zarr/recon-1/em/fibsem-uint8
13,jrc_hela-2,recon-1,s3://janelia-cosem-datasets/jrc_hela-2/jrc_hela-2.zarr/recon-1/labels/groundtruth/crop13,s3://janelia-cosem-datasets/jrc_hela-2/jrc_hela-2.zarr/recon-1/em/fibsem-uint8
14,jrc_hela-2,recon-1,s3://janelia-cosem-datasets/jrc_hela-2/jrc_hela-2.zarr/recon-1/labels/groundtruth/crop14,s3://janelia-cosem-datasets/jrc_hela-2/jrc_hela-2.zarr/recon-1/em/fibsem-uint8
15,jrc_hela-2,recon-1,s3://janelia-cosem-datasets/jrc_hela-2/jrc_hela-2.zarr/recon-1/labels/groundtruth/crop15,s3://janelia-cosem-datasets/jrc_hela-2/jrc_hela-2.zarr/recon-1/em/fibsem-uint8
16,jrc_hela-2,recon-1,s3://janelia-cosem-datasets/jrc_hela-2/jrc_hela-2.zarr/recon-1/labels/groundtruth/crop16,s3://janelia-cosem-datasets/jrc_hela-2/jrc_hela-2.zarr/recon-1/em/fibsem-uint8
18,jrc_hela-2,recon-1,s3://janelia-cosem-datasets/jrc_hela-2/jrc_hela-2.zarr/recon-1/labels/groundtruth/crop18,s3://janelia-cosem-datasets/jrc_hela-2/jrc_hela-2.zarr/recon-1/em/fibsem-uint8
19,jrc_hela-2,recon-1,s3://janelia-cosem-datasets/jrc_hela-2/jrc_hela-2.zarr/recon-1/labels/groundtruth/crop19,s3://janelia-cosem-datasets/jrc_hela-2/jrc_hela-2.zarr/recon-1/em/fibsem-uint8
23,jrc_hela-2,recon-1,s3://janelia-cosem-datasets/jrc_hela-2/jrc_hela-2.zarr/recon-1/labels/groundtruth/crop23,s3://janelia-cosem-datasets/jrc_hela-2/jrc_hela-2.zarr/recon-1/em/fibsem-uint8
28,jrc_hela-2,recon-1,s3://janelia-cosem-datasets/jrc_hela-2/jrc_hela-2.zarr/recon-1/labels/groundtruth/crop28,s3://janelia-cosem-datasets/jrc_hela-2/jrc_hela-2.zarr/recon-1/em/fibsem-uint8
54,jrc_hela-2,recon-1,s3://janelia-cosem-datasets/jrc_hela-2/jrc_hela-2.zarr/recon-1/labels/groundtruth/crop54,s3://janelia-cosem-datasets/jrc_hela-2/jrc_hela-2.zarr/recon-1/em/fibsem-uint8
55,jrc_hela-2,recon-1,s3://janelia-cosem-datasets/jrc_hela-2/jrc_hela-2.zarr/recon-1/labels/groundtruth/crop55,s3://janelia-cosem-datasets/jrc_hela-2/jrc_hela-2.zarr/recon-1/em/fibsem-uint8
56,jrc_hela-2,recon-1,s3://janelia-cosem-datasets/jrc_hela-2/jrc_hela-2.zarr/recon-1/labels/groundtruth/crop56,s3://janelia-cosem-datasets/jrc_hela-2/jrc_hela-2.zarr/recon-1/em/fibsem-uint8
57,jrc_hela-2,recon-1,s3://janelia-cosem-datasets/jrc_hela-2/jrc_hela-2.zarr/recon-1/labels/groundtruth/crop57,s3://janelia-cosem-datasets/jrc_hela-2/jrc_hela-2.zarr/recon-1/em/fibsem-uint8
58,jrc_hela-2,recon-1,s3://janelia-cosem-datasets/jrc_hela-2/jrc_hela-2.zarr/recon-1/labels/groundtruth/crop58,s3://janelia-cosem-datasets/jrc_hela-2/jrc_hela-2.zarr/recon-1/em/fibsem-uint8
59,jrc_hela-2,recon-1,s3://janelia-cosem-datasets/jrc_hela-2/jrc_hela-2.zarr/recon-1/labels/groundtruth/crop59,s3://janelia-cosem-datasets/jrc_hela-2/jrc_hela-2.zarr/recon-1/em/fibsem-uint8
94,jrc_hela-2,recon-1,s3://janelia-cosem-datasets/jrc_hela-2/jrc_hela-2.zarr/recon-1/labels/groundtruth/crop94,s3://janelia-cosem-datasets/jrc_hela-2/jrc_hela-2.zarr/recon-1/em/fibsem-uint8
95,jrc_hela-2,recon-1,s3://janelia-cosem-datasets/jrc_hela-2/jrc_hela-2.zarr/recon-1/labels/groundtruth/crop95,s3://janelia-cosem-datasets/jrc_hela-2/jrc_hela-2.zarr/recon-1/em/fibsem-uint8
96,jrc_hela-2,recon-1,s3://janelia-cosem-datasets/jrc_hela-2/jrc_hela-2.zarr/recon-1/labels/groundtruth/crop96,s3://janelia-cosem-datasets/jrc_hela-2/jrc_hela-2.zarr/recon-1/em/fibsem-uint8
113,jrc_hela-2,recon-1,s3://janelia-cosem-datasets/jrc_hela-2/jrc_hela-2.zarr/recon-1/labels/groundtruth/crop113,s3://janelia-cosem-datasets/jrc_hela-2/jrc_hela-2.zarr/recon-1/em/fibsem-uint8
155,jrc_hela-2,recon-1,s3://janelia-cosem-datasets/jrc_hela-2/jrc_hela-2.zarr/recon-1/labels/groundtruth/crop155,s3://janelia-cosem-datasets/jrc_hela-2/jrc_hela-2.zarr/recon-1/em/fibsem-uint8
27,jrc_hela-3,recon-1,s3://janelia-cosem-datasets/jrc_hela-3/jrc_hela-3.zarr/recon-1/labels/groundtruth/crop27,s3://janelia-cosem-datasets/jrc_hela-3/jrc_hela-3.zarr/recon-1/em/fibsem-uint8
33,jrc_hela-3,recon-1,s3://janelia-cosem-datasets/jrc_hela-3/jrc_hela-3.zarr/recon-1/labels/groundtruth/crop33,s3://janelia-cosem-datasets/jrc_hela-3/jrc_hela-3.zarr/recon-1/em/fibsem-uint8
34,jrc_hela-3,recon-1,s3://janelia-cosem-datasets/jrc_hela-3/jrc_hela-3.zarr/recon-1/labels/groundtruth/crop34,s3://janelia-cosem-datasets/jrc_hela-3/jrc_hela-3.zarr/recon-1/em/fibsem-uint8
50,jrc_hela-3,recon-1,s3://janelia-cosem-datasets/jrc_hela-3/jrc_hela-3.zarr/recon-1/labels/groundtruth/crop50,s3://janelia-cosem-datasets/jrc_hela-3/jrc_hela-3.zarr/recon-1/em/fibsem-uint8
51,jrc_hela-3,recon-1,s3://janelia-cosem-datasets/jrc_hela-3/jrc_hela-3.zarr/recon-1/labels/groundtruth/crop51,s3://janelia-cosem-datasets/jrc_hela-3/jrc_hela-3.zarr/recon-1/em/fibsem-uint8
60,jrc_hela-3,recon-1,s3://janelia-cosem-datasets/jrc_hela-3/jrc_hela-3.zarr/recon-1/labels/groundtruth/crop60,s3://janelia-cosem-datasets/jrc_hela-3/jrc_hela-3.zarr/recon-1/em/fibsem-uint8
61,jrc_hela-3,recon-1,s3://janelia-cosem-datasets/jrc_hela-3/jrc_hela-3.zarr/recon-1/labels/groundtruth/crop61,s3://janelia-cosem-datasets/jrc_hela-3/jrc_hela-3.zarr/recon-1/em/fibsem-uint8
62,jrc_hela-3,recon-1,s3://janelia-cosem-datasets/jrc_hela-3/jrc_hela-3.zarr/recon-1/labels/groundtruth/crop62,s3://janelia-cosem-datasets/jrc_hela-3/jrc_hela-3.zarr/recon-1/em/fibsem-uint8
63,jrc_hela-3,recon-1,s3://janelia-cosem-datasets/jrc_hela-3/jrc_hela-3.zarr/recon-1/labels/groundtruth/crop63,s3://janelia-cosem-datasets/jrc_hela-3/jrc_hela-3.zarr/recon-1/em/fibsem-uint8
64,jrc_hela-3,recon-1,s3://janelia-cosem-datasets/jrc_hela-3/jrc_hela-3.zarr/recon-1/labels/groundtruth/crop64,s3://janelia-cosem-datasets/jrc_hela-3/jrc_hela-3.zarr/recon-1/em/fibsem-uint8
65,jrc_hela-3,recon-1,s3://janelia-cosem-datasets/jrc_hela-3/jrc_hela-3.zarr/recon-1/labels/groundtruth/crop65,s3://janelia-cosem-datasets/jrc_hela-3/jrc_hela-3.zarr/recon-1/em/fibsem-uint8
85,jrc_hela-3,recon-1,s3://janelia-cosem-datasets/jrc_hela-3/jrc_hela-3.zarr/recon-1/labels/groundtruth/crop85,s3://janelia-cosem-datasets/jrc_hela-3/jrc_hela-3.zarr/recon-1/em/fibsem-uint8
86,jrc_hela-3,recon-1,s3://janelia-cosem-datasets/jrc_hela-3/jrc_hela-3.zarr/recon-1/labels/groundtruth/crop86,s3://janelia-cosem-datasets/jrc_hela-3/jrc_hela-3.zarr/recon-1/em/fibsem-uint8
87,jrc_hela-3,recon-1,s3://janelia-cosem-datasets/jrc_hela-3/jrc_hela-3.zarr/recon-1/labels/groundtruth/crop87,s3://janelia-cosem-datasets/jrc_hela-3/jrc_hela-3.zarr/recon-1/em/fibsem-uint8
100,jrc_hela-3,recon-1,s3://janelia-cosem-datasets/jrc_hela-3/jrc_hela-3.zarr/recon-1/labels/groundtruth/crop100,s3://janelia-cosem-datasets/jrc_hela-3/jrc_hela-3.zarr/recon-1/em/fibsem-uint8
101,jrc_hela-3,recon-1,s3://janelia-cosem-datasets/jrc_hela-3/jrc_hela-3.zarr/recon-1/labels/groundtruth/crop101,s3://janelia-cosem-datasets/jrc_hela-3/jrc_hela-3.zarr/recon-1/em/fibsem-uint8
102,jrc_hela-3,recon-1,s3://janelia-cosem-datasets/jrc_hela-3/jrc_hela-3.zarr/recon-1/labels/groundtruth/crop102,s3://janelia-cosem-datasets/jrc_hela-3/jrc_hela-3.zarr/recon-1/em/fibsem-uint8
111,jrc_hela-3,recon-1,s3://janelia-cosem-datasets/jrc_hela-3/jrc_hela-3.zarr/recon-1/labels/groundtruth/crop111,s3://janelia-cosem-datasets/jrc_hela-3/jrc_hela-3.zarr/recon-1/em/fibsem-uint8
181,jrc_hela-3,recon-1,s3://janelia-cosem-datasets/jrc_hela-3/jrc_hela-3.zarr/recon-1/labels/groundtruth/crop181,s3://janelia-cosem-datasets/jrc_hela-3/jrc_hela-3.zarr/recon-1/em/fibsem-uint8
35,jrc_jurkat-1,recon-1,s3://janelia-cosem-datasets/jrc_jurkat-1/jrc_jurkat-1.zarr/recon-1/labels/groundtruth/crop35,s3://janelia-cosem-datasets/jrc_jurkat-1/jrc_jurkat-1.zarr/recon-1/em/fibsem-uint8
36,jrc_jurkat-1,recon-1,s3://janelia-cosem-datasets/jrc_jurkat-1/jrc_jurkat-1.zarr/recon-1/labels/groundtruth/crop36,s3://janelia-cosem-datasets/jrc_jurkat-1/jrc_jurkat-1.zarr/recon-1/em/fibsem-uint8
37,jrc_jurkat-1,recon-1,s3://janelia-cosem-datasets/jrc_jurkat-1/jrc_jurkat-1.zarr/recon-1/labels/groundtruth/crop37,s3://janelia-cosem-datasets/jrc_jurkat-1/jrc_jurkat-1.zarr/recon-1/em/fibsem-uint8
38,jrc_jurkat-1,recon-1,s3://janelia-cosem-datasets/jrc_jurkat-1/jrc_jurkat-1.zarr/recon-1/labels/groundtruth/crop38,s3://janelia-cosem-datasets/jrc_jurkat-1/jrc_jurkat-1.zarr/recon-1/em/fibsem-uint8
43,jrc_jurkat-1,recon-1,s3://janelia-cosem-datasets/jrc_jurkat-1/jrc_jurkat-1.zarr/recon-1/labels/groundtruth/crop43,s3://janelia-cosem-datasets/jrc_jurkat-1/jrc_jurkat-1.zarr/recon-1/em/fibsem-uint8
47,jrc_jurkat-1,recon-1,s3://janelia-cosem-datasets/jrc_jurkat-1/jrc_jurkat-1.zarr/recon-1/labels/groundtruth/crop47,s3://janelia-cosem-datasets/jrc_jurkat-1/jrc_jurkat-1.zarr/recon-1/em/fibsem-uint8
66,jrc_jurkat-1,recon-1,s3://janelia-cosem-datasets/jrc_jurkat-1/jrc_jurkat-1.zarr/recon-1/labels/groundtruth/crop66,s3://janelia-cosem-datasets/jrc_jurkat-1/jrc_jurkat-1.zarr/recon-1/em/fibsem-uint8
67,jrc_jurkat-1,recon-1,s3://janelia-cosem-datasets/jrc_jurkat-1/jrc_jurkat-1.zarr/recon-1/labels/groundtruth/crop67,s3://janelia-cosem-datasets/jrc_jurkat-1/jrc_jurkat-1.zarr/recon-1/em/fibsem-uint8
68,jrc_jurkat-1,recon-1,s3://janelia-cosem-datasets/jrc_jurkat-1/jrc_jurkat-1.zarr/recon-1/labels/groundtruth/crop68,s3://janelia-cosem-datasets/jrc_jurkat-1/jrc_jurkat-1.zarr/recon-1/em/fibsem-uint8
69,jrc_jurkat-1,recon-1,s3://janelia-cosem-datasets/jrc_jurkat-1/jrc_jurkat-1.zarr/recon-1/labels/groundtruth/crop69,s3://janelia-cosem-datasets/jrc_jurkat-1/jrc_jurkat-1.zarr/recon-1/em/fibsem-uint8
70,jrc_jurkat-1,recon-1,s3://janelia-cosem-datasets/jrc_jurkat-1/jrc_jurkat-1.zarr/recon-1/labels/groundtruth/crop70,s3://janelia-cosem-datasets/jrc_jurkat-1/jrc_jurkat-1.zarr/recon-1/em/fibsem-uint8
71,jrc_jurkat-1,recon-1,s3://janelia-cosem-datasets/jrc_jurkat-1/jrc_jurkat-1.zarr/recon-1/labels/groundtruth/crop71,s3://janelia-cosem-datasets/jrc_jurkat-1/jrc_jurkat-1.zarr/recon-1/em/fibsem-uint8
91,jrc_jurkat-1,recon-1,s3://janelia-cosem-datasets/jrc_jurkat-1/jrc_jurkat-1.zarr/recon-1/labels/groundtruth/crop91,s3://janelia-cosem-datasets/jrc_jurkat-1/jrc_jurkat-1.zarr/recon-1/em/fibsem-uint8
92,jrc_jurkat-1,recon-1,s3://janelia-cosem-datasets/jrc_jurkat-1/jrc_jurkat-1.zarr/recon-1/labels/groundtruth/crop92,s3://janelia-cosem-datasets/jrc_jurkat-1/jrc_jurkat-1.zarr/recon-1/em/fibsem-uint8
93,jrc_jurkat-1,recon-1,s3://janelia-cosem-datasets/jrc_jurkat-1/jrc_jurkat-1.zarr/recon-1/labels/groundtruth/crop93,s3://janelia-cosem-datasets/jrc_jurkat-1/jrc_jurkat-1.zarr/recon-1/em/fibsem-uint8
107,jrc_jurkat-1,recon-1,s3://janelia-cosem-datasets/jrc_jurkat-1/jrc_jurkat-1.zarr/recon-1/labels/groundtruth/crop107,s3://janelia-cosem-datasets/jrc_jurkat-1/jrc_jurkat-1.zarr/recon-1/em/fibsem-uint8
112,jrc_jurkat-1,recon-1,s3://janelia-cosem-datasets/jrc_jurkat-1/jrc_jurkat-1.zarr/recon-1/labels/groundtruth/crop112,s3://janelia-cosem-datasets/jrc_jurkat-1/jrc_jurkat-1.zarr/recon-1/em/fibsem-uint8
126,jrc_jurkat-1,recon-1,s3://janelia-cosem-datasets/jrc_jurkat-1/jrc_jurkat-1.zarr/recon-1/labels/groundtruth/crop126,s3://janelia-cosem-datasets/jrc_jurkat-1/jrc_jurkat-1.zarr/recon-1/em/fibsem-uint8
180,jrc_jurkat-1,recon-1,s3://janelia-cosem-datasets/jrc_jurkat-1/jrc_jurkat-1.zarr/recon-1/labels/groundtruth/crop180,s3://janelia-cosem-datasets/jrc_jurkat-1/jrc_jurkat-1.zarr/recon-1/em/fibsem-uint8
182,jrc_jurkat-1,recon-1,s3://janelia-cosem-datasets/jrc_jurkat-1/jrc_jurkat-1.zarr/recon-1/labels/groundtruth/crop182,s3://janelia-cosem-datasets/jrc_jurkat-1/jrc_jurkat-1.zarr/recon-1/em/fibsem-uint8
31,jrc_macrophage-2,recon-1,s3://janelia-cosem-datasets/jrc_macrophage-2/jrc_macrophage-2.zarr/recon-1/labels/groundtruth/crop31,s3://janelia-cosem-datasets/jrc_macrophage-2/jrc_macrophage-2.zarr/recon-1/em/fibsem-uint8
32,jrc_macrophage-2,recon-1,s3://janelia-cosem-datasets/jrc_macrophage-2/jrc_macrophage-2.zarr/recon-1/labels/groundtruth/crop32,s3://janelia-cosem-datasets/jrc_macrophage-2/jrc_macrophage-2.zarr/recon-1/em/fibsem-uint8
39,jrc_macrophage-2,recon-1,s3://janelia-cosem-datasets/jrc_macrophage-2/jrc_macrophage-2.zarr/recon-1/labels/groundtruth/crop39,s3://janelia-cosem-datasets/jrc_macrophage-2/jrc_macrophage-2.zarr/recon-1/em/fibsem-uint8
40,jrc_macrophage-2,recon-1,s3://janelia-cosem-datasets/jrc_macrophage-2/jrc_macrophage-2.zarr/recon-1/labels/groundtruth/crop40,s3://janelia-cosem-datasets/jrc_macrophage-2/jrc_macrophage-2.zarr/recon-1/em/fibsem-uint8
42,jrc_macrophage-2,recon-1,s3://janelia-cosem-datasets/jrc_macrophage-2/jrc_macrophage-2.zarr/recon-1/labels/groundtruth/crop42,s3://janelia-cosem-datasets/jrc_macrophage-2/jrc_macrophage-2.zarr/recon-1/em/fibsem-uint8
48,jrc_macrophage-2,recon-1,s3://janelia-cosem-datasets/jrc_macrophage-2/jrc_macrophage-2.zarr/recon-1/labels/groundtruth/crop48,s3://janelia-cosem-datasets/jrc_macrophage-2/jrc_macrophage-2.zarr/recon-1/em/fibsem-uint8
49,jrc_macrophage-2,recon-1,s3://janelia-cosem-datasets/jrc_macrophage-2/jrc_macrophage-2.zarr/recon-1/labels/groundtruth/crop49,s3://janelia-cosem-datasets/jrc_macrophage-2/jrc_macrophage-2.zarr/recon-1/em/fibsem-uint8
72,jrc_macrophage-2,recon-1,s3://janelia-cosem-datasets/jrc_macrophage-2/jrc_macrophage-2.zarr/recon-1/labels/groundtruth/crop72,s3://janelia-cosem-datasets/jrc_macrophage-2/jrc_macrophage-2.zarr/recon-1/em/fibsem-uint8
73,jrc_macrophage-2,recon-1,s3://janelia-cosem-datasets/jrc_macrophage-2/jrc_macrophage-2.zarr/recon-1/labels/groundtruth/crop73,s3://janelia-cosem-datasets/jrc_macrophage-2/jrc_macrophage-2.zarr/recon-1/em/fibsem-uint8
74,jrc_macrophage-2,recon-1,s3://janelia-cosem-datasets/jrc_macrophage-2/jrc_macrophage-2.zarr/recon-1/labels/groundtruth/crop74,s3://janelia-cosem-datasets/jrc_macrophage-2/jrc_macrophage-2.zarr/recon-1/em/fibsem-uint8
75,jrc_macrophage-2,recon-1,s3://janelia-cosem-datasets/jrc_macrophage-2/jrc_macrophage-2.zarr/recon-1/labels/groundtruth/crop75,s3://janelia-cosem-datasets/jrc_macrophage-2/jrc_macrophage-2.zarr/recon-1/em/fibsem-uint8
76,jrc_macrophage-2,recon-1,s3://janelia-cosem-datasets/jrc_macrophage-2/jrc_macrophage-2.zarr/recon-1/labels/groundtruth/crop76,s3://janelia-cosem-datasets/jrc_macrophage-2/jrc_macrophage-2.zarr/recon-1/em/fibsem-uint8
77,jrc_macrophage-2,recon-1,s3://janelia-cosem-datasets/jrc_macrophage-2/jrc_macrophage-2.zarr/recon-1/labels/groundtruth/crop77,s3://janelia-cosem-datasets/jrc_macrophage-2/jrc_macrophage-2.zarr/recon-1/em/fibsem-uint8
88,jrc_macrophage-2,recon-1,s3://janelia-cosem-datasets/jrc_macrophage-2/jrc_macrophage-2.zarr/recon-1/labels/groundtruth/crop88,s3://janelia-cosem-datasets/jrc_macrophage-2/jrc_macrophage-2.zarr/recon-1/em/fibsem-uint8
89,jrc_macrophage-2,recon-1,s3://janelia-cosem-datasets/jrc_macrophage-2/jrc_macrophage-2.zarr/recon-1/labels/groundtruth/crop89,s3://janelia-cosem-datasets/jrc_macrophage-2/jrc_macrophage-2.zarr/recon-1/em/fibsem-uint8
90,jrc_macrophage-2,recon-1,s3://janelia-cosem-datasets/jrc_macrophage-2/jrc_macrophage-2.zarr/recon-1/labels/groundtruth/crop90,s3://janelia-cosem-datasets/jrc_macrophage-2/jrc_macrophage-2.zarr/recon-1/em/fibsem-uint8
109,jrc_macrophage-2,recon-1,s3://janelia-cosem-datasets/jrc_macrophage-2/jrc_macrophage-2.zarr/recon-1/labels/groundtruth/crop109,s3://janelia-cosem-datasets/jrc_macrophage-2/jrc_macrophage-2.zarr/recon-1/em/fibsem-uint8
110,jrc_macrophage-2,recon-1,s3://janelia-cosem-datasets/jrc_macrophage-2/jrc_macrophage-2.zarr/recon-1/labels/groundtruth/crop110,s3://janelia-cosem-datasets/jrc_macrophage-2/jrc_macrophage-2.zarr/recon-1/em/fibsem-uint8
423,jrc_mus-heart-1,recon-1,s3://janelia-cosem-datasets/jrc_mus-heart-1/jrc_mus-heart-1.zarr/recon-1/labels/groundtruth/crop423,s3://janelia-cosem-datasets/jrc_mus-heart-1/jrc_mus-heart-1.zarr/recon-1/em/fibsem-uint8
452,jrc_mus-heart-1,recon-1,s3://janelia-cosem-datasets/jrc_mus-heart-1/jrc_mus-heart-1.zarr/recon-1/labels/groundtruth/crop452,s3://janelia-cosem-datasets/jrc_mus-heart-1/jrc_mus-heart-1.zarr/recon-1/em/fibsem-uint8
129,jrc_mus-kidney,recon-1,s3://janelia-cosem-datasets/jrc_mus-kidney/jrc_mus-kidney.zarr/recon-1/labels/groundtruth/crop129,s3://janelia-cosem-datasets/jrc_mus-kidney/jrc_mus-kidney.zarr/recon-1/em/fibsem-uint8
140,jrc_mus-kidney,recon-1,s3://janelia-cosem-datasets/jrc_mus-kidney/jrc_mus-kidney.zarr/recon-1/labels/groundtruth/crop140,s3://janelia-cosem-datasets/jrc_mus-kidney/jrc_mus-kidney.zarr/recon-1/em/fibsem-uint8
141,jrc_mus-kidney,recon-1,s3://janelia-cosem-datasets/jrc_mus-kidney/jrc_mus-kidney.zarr/recon-1/labels/groundtruth/crop141,s3://janelia-cosem-datasets/jrc_mus-kidney/jrc_mus-kidney.zarr/recon-1/em/fibsem-uint8
146,jrc_mus-kidney,recon-1,s3://janelia-cosem-datasets/jrc_mus-kidney/jrc_mus-kidney.zarr/recon-1/labels/groundtruth/crop146,s3://janelia-cosem-datasets/jrc_mus-kidney/jrc_mus-kidney.zarr/recon-1/em/fibsem-uint8
147,jrc_mus-kidney,recon-1,s3://janelia-cosem-datasets/jrc_mus-kidney/jrc_mus-kidney.zarr/recon-1/labels/groundtruth/crop147,s3://janelia-cosem-datasets/jrc_mus-kidney/jrc_mus-kidney.zarr/recon-1/em/fibsem-uint8
148,jrc_mus-kidney,recon-1,s3://janelia-cosem-datasets/jrc_mus-kidney/jrc_mus-kidney.zarr/recon-1/labels/groundtruth/crop148,s3://janelia-cosem-datasets/jrc_mus-kidney/jrc_mus-kidney.zarr/recon-1/em/fibsem-uint8
149,jrc_mus-kidney,recon-1,s3://janelia-cosem-datasets/jrc_mus-kidney/jrc_mus-kidney.zarr/recon-1/labels/groundtruth/crop149,s3://janelia-cosem-datasets/jrc_mus-kidney/jrc_mus-kidney.zarr/recon-1/em/fibsem-uint8
156,jrc_mus-kidney,recon-1,s3://janelia-cosem-datasets/jrc_mus-kidney/jrc_mus-kidney.zarr/recon-1/labels/groundtruth/crop156,s3://janelia-cosem-datasets/jrc_mus-kidney/jrc_mus-kidney.zarr/recon-1/em/fibsem-uint8
158,jrc_mus-kidney,recon-1,s3://janelia-cosem-datasets/jrc_mus-kidney/jrc_mus-kidney.zarr/recon-1/labels/groundtruth/crop158,s3://janelia-cosem-datasets/jrc_mus-kidney/jrc_mus-kidney.zarr/recon-1/em/fibsem-uint8
159,jrc_mus-kidney,recon-1,s3://janelia-cosem-datasets/jrc_mus-kidney/jrc_mus-kidney.zarr/recon-1/labels/groundtruth/crop159,s3://janelia-cosem-datasets/jrc_mus-kidney/jrc_mus-kidney.zarr/recon-1/em/fibsem-uint8
160,jrc_mus-kidney,recon-1,s3://janelia-cosem-datasets/jrc_mus-kidney/jrc_mus-kidney.zarr/recon-1/labels/groundtruth/crop160,s3://janelia-cosem-datasets/jrc_mus-kidney/jrc_mus-kidney.zarr/recon-1/em/fibsem-uint8
161,jrc_mus-kidney,recon-1,s3://janelia-cosem-datasets/jrc_mus-kidney/jrc_mus-kidney.zarr/recon-1/labels/groundtruth/crop161,s3://janelia-cosem-datasets/jrc_mus-kidney/jrc_mus-kidney.zarr/recon-1/em/fibsem-uint8
162,jrc_mus-kidney,recon-1,s3://janelia-cosem-datasets/jrc_mus-kidney/jrc_mus-kidney.zarr/recon-1/labels/groundtruth/crop162,s3://janelia-cosem-datasets/jrc_mus-kidney/jrc_mus-kidney.zarr/recon-1/em/fibsem-uint8
163,jrc_mus-kidney,recon-1,s3://janelia-cosem-datasets/jrc_mus-kidney/jrc_mus-kidney.zarr/recon-1/labels/groundtruth/crop163,s3://janelia-cosem-datasets/jrc_mus-kidney/jrc_mus-kidney.zarr/recon-1/em/fibsem-uint8
164,jrc_mus-kidney,recon-1,s3://janelia-cosem-datasets/jrc_mus-kidney/jrc_mus-kidney.zarr/recon-1/labels/groundtruth/crop164,s3://janelia-cosem-datasets/jrc_mus-kidney/jrc_mus-kidney.zarr/recon-1/em/fibsem-uint8
165,jrc_mus-kidney,recon-1,s3://janelia-cosem-datasets/jrc_mus-kidney/jrc_mus-kidney.zarr/recon-1/labels/groundtruth/crop165,s3://janelia-cosem-datasets/jrc_mus-kidney/jrc_mus-kidney.zarr/recon-1/em/fibsem-uint8
166,jrc_mus-kidney,recon-1,s3://janelia-cosem-datasets/jrc_mus-kidney/jrc_mus-kidney.zarr/recon-1/labels/groundtruth/crop166,s3://janelia-cosem-datasets/jrc_mus-kidney/jrc_mus-kidney.zarr/recon-1/em/fibsem-uint8
179,jrc_mus-kidney,recon-1,s3://janelia-cosem-datasets/jrc_mus-kidney/jrc_mus-kidney.zarr/recon-1/labels/groundtruth/crop179,s3://janelia-cosem-datasets/jrc_mus-kidney/jrc_mus-kidney.zarr/recon-1/em/fibsem-uint8
184,jrc_mus-kidney,recon-1,s3://janelia-cosem-datasets/jrc_mus-kidney/jrc_mus-kidney.zarr/recon-1/labels/groundtruth/crop184,s3://janelia-cosem-datasets/jrc_mus-kidney/jrc_mus-kidney.zarr/recon-1/em/fibsem-uint8
221,jrc_mus-kidney,recon-1,s3://janelia-cosem-datasets/jrc_mus-kidney/jrc_mus-kidney.zarr/recon-1/labels/groundtruth/crop221,s3://janelia-cosem-datasets/jrc_mus-kidney/jrc_mus-kidney.zarr/recon-1/em/fibsem-uint8
229,jrc_mus-kidney,recon-1,s3://janelia-cosem-datasets/jrc_mus-kidney/jrc_mus-kidney.zarr/recon-1/labels/groundtruth/crop229,s3://janelia-cosem-datasets/jrc_mus-kidney/jrc_mus-kidney.zarr/recon-1/em/fibsem-uint8
230,jrc_mus-kidney,recon-1,s3://janelia-cosem-datasets/jrc_mus-kidney/jrc_mus-kidney.zarr/recon-1/labels/groundtruth/crop230,s3://janelia-cosem-datasets/jrc_mus-kidney/jrc_mus-kidney.zarr/recon-1/em/fibsem-uint8
231,jrc_mus-kidney,recon-1,s3://janelia-cosem-datasets/jrc_mus-kidney/jrc_mus-kidney.zarr/recon-1/labels/groundtruth/crop231,s3://janelia-cosem-datasets/jrc_mus-kidney/jrc_mus-kidney.zarr/recon-1/em/fibsem-uint8
472,jrc_mus-kidney-3,recon-1,s3://janelia-cosem-datasets/jrc_mus-kidney-3/jrc_mus-kidney-3.zarr/recon-1/labels/groundtruth/crop472,s3://janelia-cosem-datasets/jrc_mus-kidney-3/jrc_mus-kidney-3.zarr/recon-1/em/fibsem-uint8
421,jrc_mus-kidney-glomerulus-2,recon-1,s3://janelia-cosem-datasets/jrc_mus-kidney-glomerulus-2/jrc_mus-kidney-glomerulus-2.zarr/recon-1/labels/groundtruth/crop421,s3://janelia-cosem-datasets/jrc_mus-kidney-glomerulus-2/jrc_mus-kidney-glomerulus-2.zarr/recon-1/em/fibsem-uint8
124,jrc_mus-liver,recon-1,s3://janelia-cosem-datasets/jrc_mus-liver/jrc_mus-liver.zarr/recon-1/labels/groundtruth/crop124,s3://janelia-cosem-datasets/jrc_mus-liver/jrc_mus-liver.zarr/recon-1/em/fibsem-uint8
125,jrc_mus-liver,recon-1,s3://janelia-cosem-datasets/jrc_mus-liver/jrc_mus-liver.zarr/recon-1/labels/groundtruth/crop125,s3://janelia-cosem-datasets/jrc_mus-liver/jrc_mus-liver.zarr/recon-1/em/fibsem-uint8
131,jrc_mus-liver,recon-1,s3://janelia-cosem-datasets/jrc_mus-liver/jrc_mus-liver.zarr/recon-1/labels/groundtruth/crop131,s3://janelia-cosem-datasets/jrc_mus-liver/jrc_mus-liver.zarr/recon-1/em/fibsem-uint8
132,jrc_mus-liver,recon-1,s3://janelia-cosem-datasets/jrc_mus-liver/jrc_mus-liver.zarr/recon-1/labels/groundtruth/crop132,s3://janelia-cosem-datasets/jrc_mus-liver/jrc_mus-liver.zarr/recon-1/em/fibsem-uint8
133,jrc_mus-liver,recon-1,s3://janelia-cosem-datasets/jrc_mus-liver/jrc_mus-liver.zarr/recon-1/labels/groundtruth/crop133,s3://janelia-cosem-datasets/jrc_mus-liver/jrc_mus-liver.zarr/recon-1/em/fibsem-uint8
135,jrc_mus-liver,recon-1,s3://janelia-cosem-datasets/jrc_mus-liver/jrc_mus-liver.zarr/recon-1/labels/groundtruth/crop135,s3://janelia-cosem-datasets/jrc_mus-liver/jrc_mus-liver.zarr/recon-1/em/fibsem-uint8
136,jrc_mus-liver,recon-1,s3://janelia-cosem-datasets/jrc_mus-liver/jrc_mus-liver.zarr/recon-1/labels/groundtruth/crop136,s3://janelia-cosem-datasets/jrc_mus-liver/jrc_mus-liver.zarr/recon-1/em/fibsem-uint8
137,jrc_mus-liver,recon-1,s3://janelia-cosem-datasets/jrc_mus-liver/jrc_mus-liver.zarr/recon-1/labels/groundtruth/crop137,s3://janelia-cosem-datasets/jrc_mus-liver/jrc_mus-liver.zarr/recon-1/em/fibsem-uint8
138,jrc_mus-liver,recon-1,s3://janelia-cosem-datasets/jrc_mus-liver/jrc_mus-liver.zarr/recon-1/labels/groundtruth/crop138,s3://janelia-cosem-datasets/jrc_mus-liver/jrc_mus-liver.zarr/recon-1/em/fibsem-uint8
139,jrc_mus-liver,recon-1,s3://janelia-cosem-datasets/jrc_mus-liver/jrc_mus-liver.zarr/recon-1/labels/groundtruth/crop139,s3://janelia-cosem-datasets/jrc_mus-liver/jrc_mus-liver.zarr/recon-1/em/fibsem-uint8
142,jrc_mus-liver,recon-1,s3://janelia-cosem-datasets/jrc_mus-liver/jrc_mus-liver.zarr/recon-1/labels/groundtruth/crop142,s3://janelia-cosem-datasets/jrc_mus-liver/jrc_mus-liver.zarr/recon-1/em/fibsem-uint8
143,jrc_mus-liver,recon-1,s3://janelia-cosem-datasets/jrc_mus-liver/jrc_mus-liver.zarr/recon-1/labels/groundtruth/crop143,s3://janelia-cosem-datasets/jrc_mus-liver/jrc_mus-liver.zarr/recon-1/em/fibsem-uint8
144,jrc_mus-liver,recon-1,s3://janelia-cosem-datasets/jrc_mus-liver/jrc_mus-liver.zarr/recon-1/labels/groundtruth/crop144,s3://janelia-cosem-datasets/jrc_mus-liver/jrc_mus-liver.zarr/recon-1/em/fibsem-uint8
145,jrc_mus-liver,recon-1,s3://janelia-cosem-datasets/jrc_mus-liver/jrc_mus-liver.zarr/recon-1/labels/groundtruth/crop145,s3://janelia-cosem-datasets/jrc_mus-liver/jrc_mus-liver.zarr/recon-1/em/fibsem-uint8
150,jrc_mus-liver,recon-1,s3://janelia-cosem-datasets/jrc_mus-liver/jrc_mus-liver.zarr/recon-1/labels/groundtruth/crop150,s3://janelia-cosem-datasets/jrc_mus-liver/jrc_mus-liver.zarr/recon-1/em/fibsem-uint8
151,jrc_mus-liver,recon-1,s3://janelia-cosem-datasets/jrc_mus-liver/jrc_mus-liver.zarr/recon-1/labels/groundtruth/crop151,s3://janelia-cosem-datasets/jrc_mus-liver/jrc_mus-liver.zarr/recon-1/em/fibsem-uint8
157,jrc_mus-liver,recon-1,s3://janelia-cosem-datasets/jrc_mus-liver/jrc_mus-liver.zarr/recon-1/labels/groundtruth/crop157,s3://janelia-cosem-datasets/jrc_mus-liver/jrc_mus-liver.zarr/recon-1/em/fibsem-uint8
171,jrc_mus-liver,recon-1,s3://janelia-cosem-datasets/jrc_mus-liver/jrc_mus-liver.zarr/recon-1/labels/groundtruth/crop171,s3://janelia-cosem-datasets/jrc_mus-liver/jrc_mus-liver.zarr/recon-1/em/fibsem-uint8
172,jrc_mus-liver,recon-1,s3://janelia-cosem-datasets/jrc_mus-liver/jrc_mus-liver.zarr/recon-1/labels/groundtruth/crop172,s3://janelia-cosem-datasets/jrc_mus-liver/jrc_mus-liver.zarr/recon-1/em/fibsem-uint8
175,jrc_mus-liver,recon-1,s3://janelia-cosem-datasets/jrc_mus-liver/jrc_mus-liver.zarr/recon-1/labels/groundtruth/crop175,s3://janelia-cosem-datasets/jrc_mus-liver/jrc_mus-liver.zarr/recon-1/em/fibsem-uint8
177,jrc_mus-liver,recon-1,s3://janelia-cosem-datasets/jrc_mus-liver/jrc_mus-liver.zarr/recon-1/labels/groundtruth/crop177,s3://janelia-cosem-datasets/jrc_mus-liver/jrc_mus-liver.zarr/recon-1/em/fibsem-uint8
183,jrc_mus-liver,recon-1,s3://janelia-cosem-datasets/jrc_mus-liver/jrc_mus-liver.zarr/recon-1/labels/groundtruth/crop183,s3://janelia-cosem-datasets/jrc_mus-liver/jrc_mus-liver.zarr/recon-1/em/fibsem-uint8
416,jrc_mus-liver,recon-1,s3://janelia-cosem-datasets/jrc_mus-liver/jrc_mus-liver.zarr/recon-1/labels/groundtruth/crop416,s3://janelia-cosem-datasets/jrc_mus-liver/jrc_mus-liver.zarr/recon-1/em/fibsem-uint8
417,jrc_mus-liver,recon-1,s3://janelia-cosem-datasets/jrc_mus-liver/jrc_mus-liver.zarr/recon-1/labels/groundtruth/crop417,s3://janelia-cosem-datasets/jrc_mus-liver/jrc_mus-liver.zarr/recon-1/em/fibsem-uint8
473,jrc_mus-liver-3,recon-1,s3://janelia-cosem-datasets/jrc_mus-liver-3/jrc_mus-liver-3.zarr/recon-1/labels/groundtruth/crop473,s3://janelia-cosem-datasets/jrc_mus-liver-3/jrc_mus-liver-3.zarr/recon-1/em/fibsem-uint8
266,jrc_mus-liver-zon-1,recon-1,s3://janelia-cosem-datasets/jrc_mus-liver-zon-1/jrc_mus-liver-zon-1.zarr/recon-1/labels/groundtruth/crop266,s3://janelia-cosem-datasets/jrc_mus-liver-zon-1/jrc_mus-liver-zon-1.zarr/recon-1/em/fibsem-uint8
267,jrc_mus-liver-zon-1,recon-1,s3://janelia-cosem-datasets/jrc_mus-liver-zon-1/jrc_mus-liver-zon-1.zarr/recon-1/labels/groundtruth/crop267,s3://janelia-cosem-datasets/jrc_mus-liver-zon-1/jrc_mus-liver-zon-1.zarr/recon-1/em/fibsem-uint8
268,jrc_mus-liver-zon-1,recon-1,s3://janelia-cosem-datasets/jrc_mus-liver-zon-1/jrc_mus-liver-zon-1.zarr/recon-1/labels/groundtruth/crop268,s3://janelia-cosem-datasets/jrc_mus-liver-zon-1/jrc_mus-liver-zon-1.zarr/recon-1/em/fibsem-uint8
269,jrc_mus-liver-zon-1,recon-1,s3://janelia-cosem-datasets/jrc_mus-liver-zon-1/jrc_mus-liver-zon-1.zarr/recon-1/labels/groundtruth/crop269,s3://janelia-cosem-datasets/jrc_mus-liver-zon-1/jrc_mus-liver-zon-1.zarr/recon-1/em/fibsem-uint8
270,jrc_mus-liver-zon-1,recon-1,s3://janelia-cosem-datasets/jrc_mus-liver-zon-1/jrc_mus-liver-zon-1.zarr/recon-1/labels/groundtruth/crop270,s3://janelia-cosem-datasets/jrc_mus-liver-zon-1/jrc_mus-liver-zon-1.zarr/recon-1/em/fibsem-uint8
272,jrc_mus-liver-zon-1,recon-1,s3://janelia-cosem-datasets/jrc_mus-liver-zon-1/jrc_mus-liver-zon-1.zarr/recon-1/labels/groundtruth/crop272,s3://janelia-cosem-datasets/jrc_mus-liver-zon-1/jrc_mus-liver-zon-1.zarr/recon-1/em/fibsem-uint8
273,jrc_mus-liver-zon-1,recon-1,s3://janelia-cosem-datasets/jrc_mus-liver-zon-1/jrc_mus-liver-zon-1.zarr/recon-1/labels/groundtruth/crop273,s3://janelia-cosem-datasets/jrc_mus-liver-zon-1/jrc_mus-liver-zon-1.zarr/recon-1/em/fibsem-uint8
274,jrc_mus-liver-zon-1,recon-1,s3://janelia-cosem-datasets/jrc_mus-liver-zon-1/jrc_mus-liver-zon-1.zarr/recon-1/labels/groundtruth/crop274,s3://janelia-cosem-datasets/jrc_mus-liver-zon-1/jrc_mus-liver-zon-1.zarr/recon-1/em/fibsem-uint8
275,jrc_mus-liver-zon-1,recon-1,s3://janelia-cosem-datasets/jrc_mus-liver-zon-1/jrc_mus-liver-zon-1.zarr/recon-1/labels/groundtruth/crop275,s3://janelia-cosem-datasets/jrc_mus-liver-zon-1/jrc_mus-liver-zon-1.zarr/recon-1/em/fibsem-uint8
276,jrc_mus-liver-zon-1,recon-1,s3://janelia-cosem-datasets/jrc_mus-liver-zon-1/jrc_mus-liver-zon-1.zarr/recon-1/labels/groundtruth/crop276,s3://janelia-cosem-datasets/jrc_mus-liver-zon-1/jrc_mus-liver-zon-1.zarr/recon-1/em/fibsem-uint8
277,jrc_mus-liver-zon-1,recon-1,s3://janelia-cosem-datasets/jrc_mus-liver-zon-1/jrc_mus-liver-zon-1.zarr/recon-1/labels/groundtruth/crop277,s3://janelia-cosem-datasets/jrc_mus-liver-zon-1/jrc_mus-liver-zon-1.zarr/recon-1/em/fibsem-uint8
278,jrc_mus-liver-zon-1,recon-1,s3://janelia-cosem-datasets/jrc_mus-liver-zon-1/jrc_mus-liver-zon-1.zarr/recon-1/labels/groundtruth/crop278,s3://janelia-cosem-datasets/jrc_mus-liver-zon-1/jrc_mus-liver-zon-1.zarr/recon-1/em/fibsem-uint8
279,jrc_mus-liver-zon-1,recon-1,s3://janelia-cosem-datasets/jrc_mus-liver-zon-1/jrc_mus-liver-zon-1.zarr/recon-1/labels/groundtruth/crop279,s3://janelia-cosem-datasets/jrc_mus-liver-zon-1/jrc_mus-liver-zon-1.zarr/recon-1/em/fibsem-uint8
280,jrc_mus-liver-zon-1,recon-1,s3://janelia-cosem-datasets/jrc_mus-liver-zon-1/jrc_mus-liver-zon-1.zarr/recon-1/labels/groundtruth/crop280,s3://janelia-cosem-datasets/jrc_mus-liver-zon-1/jrc_mus-liver-zon-1.zarr/recon-1/em/fibsem-uint8
282,jrc_mus-liver-zon-1,recon-1,s3://janelia-cosem-datasets/jrc_mus-liver-zon-1/jrc_mus-liver-zon-1.zarr/recon-1/labels/groundtruth/crop282,s3://janelia-cosem-datasets/jrc_mus-liver-zon-1/jrc_mus-liver-zon-1.zarr/recon-1/em/fibsem-uint8
289,jrc_mus-liver-zon-1,recon-1,s3://janelia-cosem-datasets/jrc_mus-liver-zon-1/jrc_mus-liver-zon-1.zarr/recon-1/labels/groundtruth/crop289,s3://janelia-cosem-datasets/jrc_mus-liver-zon-1/jrc_mus-liver-zon-1.zarr/recon-1/em/fibsem-uint8
298,jrc_mus-liver-zon-1,recon-1,s3://janelia-cosem-datasets/jrc_mus-liver-zon-1/jrc_mus-liver-zon-1.zarr/recon-1/labels/groundtruth/crop298,s3://janelia-cosem-datasets/jrc_mus-liver-zon-1/jrc_mus-liver-zon-1.zarr/recon-1/em/fibsem-uint8
313,jrc_mus-liver-zon-1,recon-1,s3://janelia-cosem-datasets/jrc_mus-liver-zon-1/jrc_mus-liver-zon-1.zarr/recon-1/labels/groundtruth/crop313,s3://janelia-cosem-datasets/jrc_mus-liver-zon-1/jrc_mus-liver-zon-1.zarr/recon-1/em/fibsem-uint8
319,jrc_mus-liver-zon-1,recon-1,s3://janelia-cosem-datasets/jrc_mus-liver-zon-1/jrc_mus-liver-zon-1.zarr/recon-1/labels/groundtruth/crop319,s3://janelia-cosem-datasets/jrc_mus-liver-zon-1/jrc_mus-liver-zon-1.zarr/recon-1/em/fibsem-uint8
320,jrc_mus-liver-zon-1,recon-1,s3://janelia-cosem-datasets/jrc_mus-liver-zon-1/jrc_mus-liver-zon-1.zarr/recon-1/labels/groundtruth/crop320,s3://janelia-cosem-datasets/jrc_mus-liver-zon-1/jrc_mus-liver-zon-1.zarr/recon-1/em/fibsem-uint8
321,jrc_mus-liver-zon-1,recon-1,s3://janelia-cosem-datasets/jrc_mus-liver-zon-1/jrc_mus-liver-zon-1.zarr/recon-1/labels/groundtruth/crop321,s3://janelia-cosem-datasets/jrc_mus-liver-zon-1/jrc_mus-liver-zon-1.zarr/recon-1/em/fibsem-uint8
322,jrc_mus-liver-zon-1,recon-1,s3://janelia-cosem-datasets/jrc_mus-liver-zon-1/jrc_mus-liver-zon-1.zarr/recon-1/labels/groundtruth/crop322,s3://janelia-cosem-datasets/jrc_mus-liver-zon-1/jrc_mus-liver-zon-1.zarr/recon-1/em/fibsem-uint8
323,jrc_mus-liver-zon-1,recon-1,s3://janelia-cosem-datasets/jrc_mus-liver-zon-1/jrc_mus-liver-zon-1.zarr/recon-1/labels/groundtruth/crop323,s3://janelia-cosem-datasets/jrc_mus-liver-zon-1/jrc_mus-liver-zon-1.zarr/recon-1/em/fibsem-uint8
324,jrc_mus-liver-zon-1,recon-1,s3://janelia-cosem-datasets/jrc_mus-liver-zon-1/jrc_mus-liver-zon-1.zarr/recon-1/labels/groundtruth/crop324,s3://janelia-cosem-datasets/jrc_mus-liver-zon-1/jrc_mus-liver-zon-1.zarr/recon-1/em/fibsem-uint8
325,jrc_mus-liver-zon-1,recon-1,s3://janelia-cosem-datasets/jrc_mus-liver-zon-1/jrc_mus-liver-zon-1.zarr/recon-1/labels/groundtruth/crop325,s3://janelia-cosem-datasets/jrc_mus-liver-zon-1/jrc_mus-liver-zon-1.zarr/recon-1/em/fibsem-uint8
326,jrc_mus-liver-zon-1,recon-1,s3://janelia-cosem-datasets/jrc_mus-liver-zon-1/jrc_mus-liver-zon-1.zarr/recon-1/labels/groundtruth/crop326,s3://janelia-cosem-datasets/jrc_mus-liver-zon-1/jrc_mus-liver-zon-1.zarr/recon-1/em/fibsem-uint8
329,jrc_mus-liver-zon-1,recon-1,s3://janelia-cosem-datasets/jrc_mus-liver-zon-1/jrc_mus-liver-zon-1.zarr/recon-1/labels/groundtruth/crop329,s3://janelia-cosem-datasets/jrc_mus-liver-zon-1/jrc_mus-liver-zon-1.zarr/recon-1/em/fibsem-uint8
336,jrc_mus-liver-zon-1,recon-1,s3://janelia-cosem-datasets/jrc_mus-liver-zon-1/jrc_mus-liver-zon-1.zarr/recon-1/labels/groundtruth/crop336,s3://janelia-cosem-datasets/jrc_mus-liver-zon-1/jrc_mus-liver-zon-1.zarr/recon-1/em/fibsem-uint8
337,jrc_mus-liver-zon-1,recon-1,s3://janelia-cosem-datasets/jrc_mus-liver-zon-1/jrc_mus-liver-zon-1.zarr/recon-1/labels/groundtruth/crop337,s3://janelia-cosem-datasets/jrc_mus-liver-zon-1/jrc_mus-liver-zon-1.zarr/recon-1/em/fibsem-uint8
345,jrc_mus-liver-zon-1,recon-1,s3://janelia-cosem-datasets/jrc_mus-liver-zon-1/jrc_mus-liver-zon-1.zarr/recon-1/labels/groundtruth/crop345,s3://janelia-cosem-datasets/jrc_mus-liver-zon-1/jrc_mus-liver-zon-1.zarr/recon-1/em/fibsem-uint8
346,jrc_mus-liver-zon-1,recon-1,s3://janelia-cosem-datasets/jrc_mus-liver-zon-1/jrc_mus-liver-zon-1.zarr/recon-1/labels/groundtruth/crop346,s3://janelia-cosem-datasets/jrc_mus-liver-zon-1/jrc_mus-liver-zon-1.zarr/recon-1/em/fibsem-uint8
347,jrc_mus-liver-zon-1,recon-1,s3://janelia-cosem-datasets/jrc_mus-liver-zon-1/jrc_mus-liver-zon-1.zarr/recon-1/labels/groundtruth/crop347,s3://janelia-cosem-datasets/jrc_mus-liver-zon-1/jrc_mus-liver-zon-1.zarr/recon-1/em/fibsem-uint8
348,jrc_mus-liver-zon-1,recon-1,s3://janelia-cosem-datasets/jrc_mus-liver-zon-1/jrc_mus-liver-zon-1.zarr/recon-1/labels/groundtruth/crop348,s3://janelia-cosem-datasets/jrc_mus-liver-zon-1/jrc_mus-liver-zon-1.zarr/recon-1/em/fibsem-uint8
349,jrc_mus-liver-zon-1,recon-1,s3://janelia-cosem-datasets/jrc_mus-liver-zon-1/jrc_mus-liver-zon-1.zarr/recon-1/labels/groundtruth/crop349,s3://janelia-cosem-datasets/jrc_mus-liver-zon-1/jrc_mus-liver-zon-1.zarr/recon-1/em/fibsem-uint8
351,jrc_mus-liver-zon-1,recon-1,s3://janelia-cosem-datasets/jrc_mus-liver-zon-1/jrc_mus-liver-zon-1.zarr/recon-1/labels/groundtruth/crop351,s3://janelia-cosem-datasets/jrc_mus-liver-zon-1/jrc_mus-liver-zon-1.zarr/recon-1/em/fibsem-uint8
377,jrc_mus-liver-zon-1,recon-1,s3://janelia-cosem-datasets/jrc_mus-liver-zon-1/jrc_mus-liver-zon-1.zarr/recon-1/labels/groundtruth/crop377,s3://janelia-cosem-datasets/jrc_mus-liver-zon-1/jrc_mus-liver-zon-1.zarr/recon-1/em/fibsem-uint8
386,jrc_mus-liver-zon-1,recon-1,s3://janelia-cosem-datasets/jrc_mus-liver-zon-1/jrc_mus-liver-zon-1.zarr/recon-1/labels/groundtruth/crop386,s3://janelia-cosem-datasets/jrc_mus-liver-zon-1/jrc_mus-liver-zon-1.zarr/recon-1/em/fibsem-uint8
407,jrc_mus-liver-zon-1,recon-1,s3://janelia-cosem-datasets/jrc_mus-liver-zon-1/jrc_mus-liver-zon-1.zarr/recon-1/labels/groundtruth/crop407,s3://janelia-cosem-datasets/jrc_mus-liver-zon-1/jrc_mus-liver-zon-1.zarr/recon-1/em/fibsem-uint8
410,jrc_mus-liver-zon-1,recon-1,s3://janelia-cosem-datasets/jrc_mus-liver-zon-1/jrc_mus-liver-zon-1.zarr/recon-1/labels/groundtruth/crop410,s3://janelia-cosem-datasets/jrc_mus-liver-zon-1/jrc_mus-liver-zon-1.zarr/recon-1/em/fibsem-uint8
411,jrc_mus-liver-zon-1,recon-1,s3://janelia-cosem-datasets/jrc_mus-liver-zon-1/jrc_mus-liver-zon-1.zarr/recon-1/labels/groundtruth/crop411,s3://janelia-cosem-datasets/jrc_mus-liver-zon-1/jrc_mus-liver-zon-1.zarr/recon-1/em/fibsem-uint8
412,jrc_mus-liver-zon-1,recon-1,s3://janelia-cosem-datasets/jrc_mus-liver-zon-1/jrc_mus-liver-zon-1.zarr/recon-1/labels/groundtruth/crop412,s3://janelia-cosem-datasets/jrc_mus-liver-zon-1/jrc_mus-liver-zon-1.zarr/recon-1/em/fibsem-uint8
413,jrc_mus-liver-zon-1,recon-1,s3://janelia-cosem-datasets/jrc_mus-liver-zon-1/jrc_mus-liver-zon-1.zarr/recon-1/labels/groundtruth/crop413,s3://janelia-cosem-datasets/jrc_mus-liver-zon-1/jrc_mus-liver-zon-1.zarr/recon-1/em/fibsem-uint8
333,jrc_mus-liver-zon-2,recon-1,s3://janelia-cosem-datasets/jrc_mus-liver-zon-2/jrc_mus-liver-zon-2.zarr/recon-1/labels/groundtruth/crop333,s3://janelia-cosem-datasets/jrc_mus-liver-zon-2/jrc_mus-liver-zon-2.zarr/recon-1/em/fibsem-uint8
340,jrc_mus-liver-zon-2,recon-1,s3://janelia-cosem-datasets/jrc_mus-liver-zon-2/jrc_mus-liver-zon-2.zarr/recon-1/labels/groundtruth/crop340,s3://janelia-cosem-datasets/jrc_mus-liver-zon-2/jrc_mus-liver-zon-2.zarr/recon-1/em/fibsem-uint8
341,jrc_mus-liver-zon-2,recon-1,s3://janelia-cosem-datasets/jrc_mus-liver-zon-2/jrc_mus-liver-zon-2.zarr/recon-1/labels/groundtruth/crop341,s3://janelia-cosem-datasets/jrc_mus-liver-zon-2/jrc_mus-liver-zon-2.zarr/recon-1/em/fibsem-uint8
342,jrc_mus-liver-zon-2,recon-1,s3://janelia-cosem-datasets/jrc_mus-liver-zon-2/jrc_mus-liver-zon-2.zarr/recon-1/labels/groundtruth/crop342,s3://janelia-cosem-datasets/jrc_mus-liver-zon-2/jrc_mus-liver-zon-2.zarr/recon-1/em/fibsem-uint8
353,jrc_mus-liver-zon-2,recon-1,s3://janelia-cosem-datasets/jrc_mus-liver-zon-2/jrc_mus-liver-zon-2.zarr/recon-1/labels/groundtruth/crop353,s3://janelia-cosem-datasets/jrc_mus-liver-zon-2/jrc_mus-liver-zon-2.zarr/recon-1/em/fibsem-uint8
354,jrc_mus-liver-zon-2,recon-1,s3://janelia-cosem-datasets/jrc_mus-liver-zon-2/jrc_mus-liver-zon-2.zarr/recon-1/labels/groundtruth/crop354,s3://janelia-cosem-datasets/jrc_mus-liver-zon-2/jrc_mus-liver-zon-2.zarr/recon-1/em/fibsem-uint8
355,jrc_mus-liver-zon-2,recon-1,s3://janelia-cosem-datasets/jrc_mus-liver-zon-2/jrc_mus-liver-zon-2.zarr/recon-1/labels/groundtruth/crop355,s3://janelia-cosem-datasets/jrc_mus-liver-zon-2/jrc_mus-liver-zon-2.zarr/recon-1/em/fibsem-uint8
356,jrc_mus-liver-zon-2,recon-1,s3://janelia-cosem-datasets/jrc_mus-liver-zon-2/jrc_mus-liver-zon-2.zarr/recon-1/labels/groundtruth/crop356,s3://janelia-cosem-datasets/jrc_mus-liver-zon-2/jrc_mus-liver-zon-2.zarr/recon-1/em/fibsem-uint8
357,jrc_mus-liver-zon-2,recon-1,s3://janelia-cosem-datasets/jrc_mus-liver-zon-2/jrc_mus-liver-zon-2.zarr/recon-1/labels/groundtruth/crop357,s3://janelia-cosem-datasets/jrc_mus-liver-zon-2/jrc_mus-liver-zon-2.zarr/recon-1/em/fibsem-uint8
358,jrc_mus-liver-zon-2,recon-1,s3://janelia-cosem-datasets/jrc_mus-liver-zon-2/jrc_mus-liver-zon-2.zarr/recon-1/labels/groundtruth/crop358,s3://janelia-cosem-datasets/jrc_mus-liver-zon-2/jrc_mus-liver-zon-2.zarr/recon-1/em/fibsem-uint8
362,jrc_mus-liver-zon-2,recon-1,s3://janelia-cosem-datasets/jrc_mus-liver-zon-2/jrc_mus-liver-zon-2.zarr/recon-1/labels/groundtruth/crop362,s3://janelia-cosem-datasets/jrc_mus-liver-zon-2/jrc_mus-liver-zon-2.zarr/recon-1/em/fibsem-uint8
366,jrc_mus-liver-zon-2,recon-1,s3://janelia-cosem-datasets/jrc_mus-liver-zon-2/jrc_mus-liver-zon-2.zarr/recon-1/labels/groundtruth/crop366,s3://janelia-cosem-datasets/jrc_mus-liver-zon-2/jrc_mus-liver-zon-2.zarr/recon-1/em/fibsem-uint8
367,jrc_mus-liver-zon-2,recon-1,s3://janelia-cosem-datasets/jrc_mus-liver-zon-2/jrc_mus-liver-zon-2.zarr/recon-1/labels/groundtruth/crop367,s3://janelia-cosem-datasets/jrc_mus-liver-zon-2/jrc_mus-liver-zon-2.zarr/recon-1/em/fibsem-uint8
368,jrc_mus-liver-zon-2,recon-1,s3://janelia-cosem-datasets/jrc_mus-liver-zon-2/jrc_mus-liver-zon-2.zarr/recon-1/labels/groundtruth/crop368,s3://janelia-cosem-datasets/jrc_mus-liver-zon-2/jrc_mus-liver-zon-2.zarr/recon-1/em/fibsem-uint8
369,jrc_mus-liver-zon-2,recon-1,s3://janelia-cosem-datasets/jrc_mus-liver-zon-2/jrc_mus-liver-zon-2.zarr/recon-1/labels/groundtruth/crop369,s3://janelia-cosem-datasets/jrc_mus-liver-zon-2/jrc_mus-liver-zon-2.zarr/recon-1/em/fibsem-uint8
370,jrc_mus-liver-zon-2,recon-1,s3://janelia-cosem-datasets/jrc_mus-liver-zon-2/jrc_mus-liver-zon-2.zarr/recon-1/labels/groundtruth/crop370,s3://janelia-cosem-datasets/jrc_mus-liver-zon-2/jrc_mus-liver-zon-2.zarr/recon-1/em/fibsem-uint8
376,jrc_mus-liver-zon-2,recon-1,s3://janelia-cosem-datasets/jrc_mus-liver-zon-2/jrc_mus-liver-zon-2.zarr/recon-1/labels/groundtruth/crop376,s3://janelia-cosem-datasets/jrc_mus-liver-zon-2/jrc_mus-liver-zon-2.zarr/recon-1/em/fibsem-uint8
387,jrc_mus-liver-zon-2,recon-1,s3://janelia-cosem-datasets/jrc_mus-liver-zon-2/jrc_mus-liver-zon-2.zarr/recon-1/labels/groundtruth/crop387,s3://janelia-cosem-datasets/jrc_mus-liver-zon-2/jrc_mus-liver-zon-2.zarr/recon-1/em/fibsem-uint8
408,jrc_mus-liver-zon-2,recon-1,s3://janelia-cosem-datasets/jrc_mus-liver-zon-2/jrc_mus-liver-zon-2.zarr/recon-1/labels/groundtruth/crop408,s3://janelia-cosem-datasets/jrc_mus-liver-zon-2/jrc_mus-liver-zon-2.zarr/recon-1/em/fibsem-uint8
115,jrc_mus-nacc-1,recon-1,s3://janelia-cosem-datasets/jrc_mus-nacc-1/jrc_mus-nacc-1.zarr/recon-1/labels/groundtruth/crop115,s3://janelia-cosem-datasets/jrc_mus-nacc-1/jrc_mus-nacc-1.zarr/recon-1/em/fibsem-uint8
20,jrc_sum159-1,recon-1,s3://janelia-cosem-datasets/jrc_sum159-1/jrc_sum159-1.zarr/recon-1/labels/groundtruth/crop20,s3://janelia-cosem-datasets/jrc_sum159-1/jrc_sum159-1.zarr/recon-1/em/fibsem-uint8
22,jrc_sum159-1,recon-1,s3://janelia-cosem-datasets/jrc_sum159-1/jrc_sum159-1.zarr/recon-1/labels/groundtruth/crop22,s3://janelia-cosem-datasets/jrc_sum159-1/jrc_sum159-1.zarr/recon-1/em/fibsem-uint8
25,jrc_sum159-1,recon-1,s3://janelia-cosem-datasets/jrc_sum159-1/jrc_sum159-1.zarr/recon-1/labels/groundtruth/crop25,s3://janelia-cosem-datasets/jrc_sum159-1/jrc_sum159-1.zarr/recon-1/em/fibsem-uint8
26,jrc_sum159-1,recon-1,s3://janelia-cosem-datasets/jrc_sum159-1/jrc_sum159-1.zarr/recon-1/labels/groundtruth/crop26,s3://janelia-cosem-datasets/jrc_sum159-1/jrc_sum159-1.zarr/recon-1/em/fibsem-uint8
80,jrc_sum159-1,recon-1,s3://janelia-cosem-datasets/jrc_sum159-1/jrc_sum159-1.zarr/recon-1/labels/groundtruth/crop80,s3://janelia-cosem-datasets/jrc_sum159-1/jrc_sum159-1.zarr/recon-1/em/fibsem-uint8
81,jrc_sum159-1,recon-1,s3://janelia-cosem-datasets/jrc_sum159-1/jrc_sum159-1.zarr/recon-1/labels/groundtruth/crop81,s3://janelia-cosem-datasets/jrc_sum159-1/jrc_sum159-1.zarr/recon-1/em/fibsem-uint8
82,jrc_sum159-1,recon-1,s3://janelia-cosem-datasets/jrc_sum159-1/jrc_sum159-1.zarr/recon-1/labels/groundtruth/crop82,s3://janelia-cosem-datasets/jrc_sum159-1/jrc_sum159-1.zarr/recon-1/em/fibsem-uint8
83,jrc_sum159-1,recon-1,s3://janelia-cosem-datasets/jrc_sum159-1/jrc_sum159-1.zarr/recon-1/labels/groundtruth/crop83,s3://janelia-cosem-datasets/jrc_sum159-1/jrc_sum159-1.zarr/recon-1/em/fibsem-uint8
84,jrc_sum159-1,recon-1,s3://janelia-cosem-datasets/jrc_sum159-1/jrc_sum159-1.zarr/recon-1/labels/groundtruth/crop84,s3://janelia-cosem-datasets/jrc_sum159-1/jrc_sum159-1.zarr/recon-1/em/fibsem-uint8
97,jrc_sum159-1,recon-1,s3://janelia-cosem-datasets/jrc_sum159-1/jrc_sum159-1.zarr/recon-1/labels/groundtruth/crop97,s3://janelia-cosem-datasets/jrc_sum159-1/jrc_sum159-1.zarr/recon-1/em/fibsem-uint8
98,jrc_sum159-1,recon-1,s3://janelia-cosem-datasets/jrc_sum159-1/jrc_sum159-1.zarr/recon-1/labels/groundtruth/crop98,s3://janelia-cosem-datasets/jrc_sum159-1/jrc_sum159-1.zarr/recon-1/em/fibsem-uint8
99,jrc_sum159-1,recon-1,s3://janelia-cosem-datasets/jrc_sum159-1/jrc_sum159-1.zarr/recon-1/labels/groundtruth/crop99,s3://janelia-cosem-datasets/jrc_sum159-1/jrc_sum159-1.zarr/recon-1/em/fibsem-uint8
186,jrc_sum159-4,recon-1,s3://janelia-cosem-datasets/jrc_sum159-4/jrc_sum159-4.zarr/recon-1/labels/groundtruth/crop186,s3://janelia-cosem-datasets/jrc_sum159-4/jrc_sum159-4.zarr/recon-1/em/fibsem-uint8
187,jrc_sum159-4,recon-1,s3://janelia-cosem-datasets/jrc_sum159-4/jrc_sum159-4.zarr/recon-1/labels/groundtruth/crop187,s3://janelia-cosem-datasets/jrc_sum159-4/jrc_sum159-4.zarr/recon-1/em/fibsem-uint8
188,jrc_sum159-4,recon-1,s3://janelia-cosem-datasets/jrc_sum159-4/jrc_sum159-4.zarr/recon-1/labels/groundtruth/crop188,s3://janelia-cosem-datasets/jrc_sum159-4/jrc_sum159-4.zarr/recon-1/em/fibsem-uint8
189,jrc_sum159-4,recon-1,s3://janelia-cosem-datasets/jrc_sum159-4/jrc_sum159-4.zarr/recon-1/labels/groundtruth/crop189,s3://janelia-cosem-datasets/jrc_sum159-4/jrc_sum159-4.zarr/recon-1/em/fibsem-uint8
201,jrc_sum159-4,recon-1,s3://janelia-cosem-datasets/jrc_sum159-4/jrc_sum159-4.zarr/recon-1/labels/groundtruth/crop201,s3://janelia-cosem-datasets/jrc_sum159-4/jrc_sum159-4.zarr/recon-1/em/fibsem-uint8
202,jrc_sum159-4,recon-1,s3://janelia-cosem-datasets/jrc_sum159-4/jrc_sum159-4.zarr/recon-1/labels/groundtruth/crop202,s3://janelia-cosem-datasets/jrc_sum159-4/jrc_sum159-4.zarr/recon-1/em/fibsem-uint8
203,jrc_sum159-4,recon-1,s3://janelia-cosem-datasets/jrc_sum159-4/jrc_sum159-4.zarr/recon-1/labels/groundtruth/crop203,s3://janelia-cosem-datasets/jrc_sum159-4/jrc_sum159-4.zarr/recon-1/em/fibsem-uint8
206,jrc_sum159-4,recon-1,s3://janelia-cosem-datasets/jrc_sum159-4/jrc_sum159-4.zarr/recon-1/labels/groundtruth/crop206,s3://janelia-cosem-datasets/jrc_sum159-4/jrc_sum159-4.zarr/recon-1/em/fibsem-uint8
208,jrc_sum159-4,recon-1,s3://janelia-cosem-datasets/jrc_sum159-4/jrc_sum159-4.zarr/recon-1/labels/groundtruth/crop208,s3://janelia-cosem-datasets/jrc_sum159-4/jrc_sum159-4.zarr/recon-1/em/fibsem-uint8
209,jrc_sum159-4,recon-1,s3://janelia-cosem-datasets/jrc_sum159-4/jrc_sum159-4.zarr/recon-1/labels/groundtruth/crop209,s3://janelia-cosem-datasets/jrc_sum159-4/jrc_sum159-4.zarr/recon-1/em/fibsem-uint8
210,jrc_sum159-4,recon-1,s3://janelia-cosem-datasets/jrc_sum159-4/jrc_sum159-4.zarr/recon-1/labels/groundtruth/crop210,s3://janelia-cosem-datasets/jrc_sum159-4/jrc_sum159-4.zarr/recon-1/em/fibsem-uint8
211,jrc_sum159-4,recon-1,s3://janelia-cosem-datasets/jrc_sum159-4/jrc_sum159-4.zarr/recon-1/labels/groundtruth/crop211,s3://janelia-cosem-datasets/jrc_sum159-4/jrc_sum159-4.zarr/recon-1/em/fibsem-uint8
212,jrc_sum159-4,recon-1,s3://janelia-cosem-datasets/jrc_sum159-4/jrc_sum159-4.zarr/recon-1/labels/groundtruth/crop212,s3://janelia-cosem-datasets/jrc_sum159-4/jrc_sum159-4.zarr/recon-1/em/fibsem-uint8
213,jrc_sum159-4,recon-1,s3://janelia-cosem-datasets/jrc_sum159-4/jrc_sum159-4.zarr/recon-1/labels/groundtruth/crop213,s3://janelia-cosem-datasets/jrc_sum159-4/jrc_sum159-4.zarr/recon-1/em/fibsem-uint8
216,jrc_sum159-4,recon-1,s3://janelia-cosem-datasets/jrc_sum159-4/jrc_sum159-4.zarr/recon-1/labels/groundtruth/crop216,s3://janelia-cosem-datasets/jrc_sum159-4/jrc_sum159-4.zarr/recon-1/em/fibsem-uint8
217,jrc_sum159-4,recon-1,s3://janelia-cosem-datasets/jrc_sum159-4/jrc_sum159-4.zarr/recon-1/labels/groundtruth/crop217,s3://janelia-cosem-datasets/jrc_sum159-4/jrc_sum159-4.zarr/recon-1/em/fibsem-uint8
218,jrc_sum159-4,recon-1,s3://janelia-cosem-datasets/jrc_sum159-4/jrc_sum159-4.zarr/recon-1/labels/groundtruth/crop218,s3://janelia-cosem-datasets/jrc_sum159-4/jrc_sum159-4.zarr/recon-1/em/fibsem-uint8
219,jrc_sum159-4,recon-1,s3://janelia-cosem-datasets/jrc_sum159-4/jrc_sum159-4.zarr/recon-1/labels/groundtruth/crop219,s3://janelia-cosem-datasets/jrc_sum159-4/jrc_sum159-4.zarr/recon-1/em/fibsem-uint8
190,jrc_ut21-1413-003,recon-1,s3://janelia-cosem-datasets/jrc_ut21-1413-003/jrc_ut21-1413-003.zarr/recon-1/labels/groundtruth/crop190,s3://janelia-cosem-datasets/jrc_ut21-1413-003/jrc_ut21-1413-003.zarr/recon-1/em/fibsem-uint8
191,jrc_ut21-1413-003,recon-1,s3://janelia-cosem-datasets/jrc_ut21-1413-003/jrc_ut21-1413-003.zarr/recon-1/labels/groundtruth/crop191,s3://janelia-cosem-datasets/jrc_ut21-1413-003/jrc_ut21-1413-003.zarr/recon-1/em/fibsem-uint8
192,jrc_ut21-1413-003,recon-1,s3://janelia-cosem-datasets/jrc_ut21-1413-003/jrc_ut21-1413-003.zarr/recon-1/labels/groundtruth/crop192,s3://janelia-cosem-datasets/jrc_ut21-1413-003/jrc_ut21-1413-003.zarr/recon-1/em/fibsem-uint8
193,jrc_ut21-1413-003,recon-1,s3://janelia-cosem-datasets/jrc_ut21-1413-003/jrc_ut21-1413-003.zarr/recon-1/labels/groundtruth/crop193,s3://janelia-cosem-datasets/jrc_ut21-1413-003/jrc_ut21-1413-003.zarr/recon-1/em/fibsem-uint8
195,jrc_ut21-1413-003,recon-1,s3://janelia-cosem-datasets/jrc_ut21-1413-003/jrc_ut21-1413-003.zarr/recon-1/labels/groundtruth/crop195,s3://janelia-cosem-datasets/jrc_ut21-1413-003/jrc_ut21-1413-003.zarr/recon-1/em/fibsem-uint8
196,jrc_ut21-1413-003,recon-1,s3://janelia-cosem-datasets/jrc_ut21-1413-003/jrc_ut21-1413-003.zarr/recon-1/labels/groundtruth/crop196,s3://janelia-cosem-datasets/jrc_ut21-1413-003/jrc_ut21-1413-003.zarr/recon-1/em/fibsem-uint8
197,jrc_ut21-1413-003,recon-1,s3://janelia-cosem-datasets/jrc_ut21-1413-003/jrc_ut21-1413-003.zarr/recon-1/labels/groundtruth/crop197,s3://janelia-cosem-datasets/jrc_ut21-1413-003/jrc_ut21-1413-003.zarr/recon-1/em/fibsem-uint8
198,jrc_ut21-1413-003,recon-1,s3://janelia-cosem-datasets/jrc_ut21-1413-003/jrc_ut21-1413-003.zarr/recon-1/labels/groundtruth/crop198,s3://janelia-cosem-datasets/jrc_ut21-1413-003/jrc_ut21-1413-003.zarr/recon-1/em/fibsem-uint8
199,jrc_ut21-1413-003,recon-1,s3://janelia-cosem-datasets/jrc_ut21-1413-003/jrc_ut21-1413-003.zarr/recon-1/labels/groundtruth/crop199,s3://janelia-cosem-datasets/jrc_ut21-1413-003/jrc_ut21-1413-003.zarr/recon-1/em/fibsem-uint8
200,jrc_ut21-1413-003,recon-1,s3://janelia-cosem-datasets/jrc_ut21-1413-003/jrc_ut21-1413-003.zarr/recon-1/labels/groundtruth/crop200,s3://janelia-cosem-datasets/jrc_ut21-1413-003/jrc_ut21-1413-003.zarr/recon-1/em/fibsem-uint8
214,jrc_ut21-1413-003,recon-1,s3://janelia-cosem-datasets/jrc_ut21-1413-003/jrc_ut21-1413-003.zarr/recon-1/labels/groundtruth/crop214,s3://janelia-cosem-datasets/jrc_ut21-1413-003/jrc_ut21-1413-003.zarr/recon-1/em/fibsem-uint8
220,jrc_ut21-1413-003,recon-1,s3://janelia-cosem-datasets/jrc_ut21-1413-003/jrc_ut21-1413-003.zarr/recon-1/labels/groundtruth/crop220,s3://janelia-cosem-datasets/jrc_ut21-1413-003/jrc_ut21-1413-003.zarr/recon-1/em/fibsem-uint8
222,jrc_ut21-1413-003,recon-1,s3://janelia-cosem-datasets/jrc_ut21-1413-003/jrc_ut21-1413-003.zarr/recon-1/labels/groundtruth/crop222,s3://janelia-cosem-datasets/jrc_ut21-1413-003/jrc_ut21-1413-003.zarr/recon-1/em/fibsem-uint8
224,jrc_ut21-1413-003,recon-1,s3://janelia-cosem-datasets/jrc_ut21-1413-003/jrc_ut21-1413-003.zarr/recon-1/labels/groundtruth/crop224,s3://janelia-cosem-datasets/jrc_ut21-1413-003/jrc_ut21-1413-003.zarr/recon-1/em/fibsem-uint8
225,jrc_ut21-1413-003,recon-1,s3://janelia-cosem-datasets/jrc_ut21-1413-003/jrc_ut21-1413-003.zarr/recon-1/labels/groundtruth/crop225,s3://janelia-cosem-datasets/jrc_ut21-1413-003/jrc_ut21-1413-003.zarr/recon-1/em/fibsem-uint8
226,jrc_ut21-1413-003,recon-1,s3://janelia-cosem-datasets/jrc_ut21-1413-003/jrc_ut21-1413-003.zarr/recon-1/labels/groundtruth/crop226,s3://janelia-cosem-datasets/jrc_ut21-1413-003/jrc_ut21-1413-003.zarr/recon-1/em/fibsem-uint8
227,jrc_ut21-1413-003,recon-1,s3://janelia-cosem-datasets/jrc_ut21-1413-003/jrc_ut21-1413-003.zarr/recon-1/labels/groundtruth/crop227,s3://janelia-cosem-datasets/jrc_ut21-1413-003/jrc_ut21-1413-003.zarr/recon-1/em/fibsem-uint8
228,jrc_ut21-1413-003,recon-1,s3://janelia-cosem-datasets/jrc_ut21-1413-003/jrc_ut21-1413-003.zarr/recon-1/labels/groundtruth/crop228,s3://janelia-cosem-datasets/jrc_ut21-1413-003/jrc_ut21-1413-003.zarr/recon-1/em/fibsem-uint8
378,jrc_zf-cardiac-1,recon-1,s3://janelia-cosem-datasets/jrc_zf-cardiac-1/jrc_zf-cardiac-1.zarr/recon-1/labels/groundtruth/crop378,s3://janelia-cosem-datasets/jrc_zf-cardiac-1/jrc_zf-cardiac-1.zarr/recon-1/em/fibsem-uint8
379,jrc_zf-cardiac-1,recon-1,s3://janelia-cosem-datasets/jrc_zf-cardiac-1/jrc_zf-cardiac-1.zarr/recon-1/labels/groundtruth/crop379,s3://janelia-cosem-datasets/jrc_zf-cardiac-1/jrc_zf-cardiac-1.zarr/recon-1/em/fibsem-uint8
380,jrc_zf-cardiac-1,recon-1,s3://janelia-cosem-datasets/jrc_zf-cardiac-1/jrc_zf-cardiac-1.zarr/recon-1/labels/groundtruth/crop380,s3://janelia-cosem-datasets/jrc_zf-cardiac-1/jrc_zf-cardiac-1.zarr/recon-1/em/fibsem-uint8
381,jrc_zf-cardiac-1,recon-1,s3://janelia-cosem-datasets/jrc_zf-cardiac-1/jrc_zf-cardiac-1.zarr/recon-1/labels/groundtruth/crop381,s3://janelia-cosem-datasets/jrc_zf-cardiac-1/jrc_zf-cardiac-1.zarr/recon-1/em/fibsem-uint8